{"train_losses": [4.802179857497698, 3.995645447449537, 3.7581088847525845, 3.5665391877884383, 3.4197947180743786, 3.3244374869678515, 3.229768411703572, 3.125114993376879, 3.049504601482778, 3.023127938157136, 2.947151987563146, 2.9251274316846536, 2.872676350471732, 2.8154578051378025, 2.790926494262292, 2.7569927654602453, 2.773181695770062, 2.716775030816704, 2.756428139850432, 2.70754928000698, 2.694849434403071, 2.677107100969894, 2.6466134151173057], "val_losses": [3.960943043231964, 3.5658664405345917, 3.3506554663181305, 3.1815887689590454, 3.0298044085502625, 2.92094549536705, 2.8288802802562714, 2.7524504363536835, 2.668606221675873, 2.6214087307453156, 2.5689720809459686, 2.5185903906822205, 2.498287796974182, 2.459348738193512, 2.4217479825019836, 2.426230102777481, 2.4346060156822205, 2.408177673816681, 2.408839076757431, 2.434485524892807, 2.428070992231369, 2.4224894046783447, 2.4519283175468445], "val_bleu_scores": [0.0351, 0.0538, 0.0605, 0.0707, 0.0864, 0.0934, 0.1062, 0.1157, 0.1254, 0.1352, 0.1443, 0.1517, 0.1561, 0.1658, 0.1695, 0.1734, 0.1761, 0.1844, 0.1864, 0.1792, 0.1836, 0.1897, 0.185], "teacher_forcing_ratios": [0.88, 0.87, 0.85, 0.83, 0.81, 0.79, 0.77, 0.75, 0.72, 0.69, 0.66, 0.63, 0.6, 0.57, 0.54, 0.5, 0.47, 0.44, 0.4, 0.37, 0.34, 0.31, 0.29], "batch_size": 128, "learning_rate": 0.0005, "epochs": 30, "model": "Seq2Seq(\n  (encoder): Encoder(\n    (embedding): Embedding(5422, 512, padding_idx=0)\n    (dropout): Dropout(p=0.3, inplace=False)\n    (lstm): LSTM(512, 512, num_layers=2, batch_first=True, dropout=0.3, bidirectional=True)\n    (hidden_projection): Linear(in_features=1024, out_features=512, bias=True)\n    (cell_projection): Linear(in_features=1024, out_features=512, bias=True)\n  )\n  (decoder): Decoder(\n    (embedding): Embedding(4560, 512, padding_idx=0)\n    (dropout): Dropout(p=0.3, inplace=False)\n    (lstm): LSTM(512, 512, num_layers=2, batch_first=True, dropout=0.3)\n    (output_projection): Linear(in_features=512, out_features=4560, bias=True)\n  )\n)", "model_path": "/content/drive/My Drive/ML/Attentions/additive attention/weights/seq2seq-scheduled-sampling-model.pt", "max_grad_norm": 1.0}