{"train_losses": [4.2811785237904685, 3.530351774808069, 3.275283297253075, 3.0833078780363308, 2.9254015384791705, 2.790965409005791, 2.6762361600010407, 2.5711048794212847, 2.4727558317688594, 2.3851145715965574, 2.301520406937284, 2.2256277941397107, 2.1522340813922463, 2.084246949477343, 2.021137314746033, 1.9568635023112864, 1.900762682706774, 1.845500894842694, 1.7928374661748105, 1.7415800304664915, 1.6934751873499496, 1.647906359334349, 1.6014686906915405, 1.5631354561461226, 1.5200065327110794, 1.4800989118441612, 1.442360410868859, 1.4083117091708246], "val_losses": [3.578499048948288, 3.262518122792244, 3.0760027021169662, 2.936759740114212, 2.814140036702156, 2.723653092980385, 2.6476524770259857, 2.587302401661873, 2.5340597927570343, 2.4962942749261856, 2.456148236989975, 2.426668718457222, 2.3993039280176163, 2.3820804804563522, 2.36334028840065, 2.3425087332725525, 2.3347856998443604, 2.325735569000244, 2.313761204481125, 2.3172276318073273, 2.3094940334558487, 2.313583582639694, 2.304138481616974, 2.306294620037079, 2.324527829885483, 2.3146540373563766, 2.321003720164299, 2.321910783648491], "batch_size": 64, "learning_rate": 0.0005, "epochs": 30, "model": "Seq2Seq(\n  (encoder): Encoder(\n    (embedding): Embedding(5422, 512, padding_idx=0)\n    (dropout): Dropout(p=0.3, inplace=False)\n    (lstm): LSTM(512, 512, num_layers=2, batch_first=True, dropout=0.3, bidirectional=True)\n    (hidden_projection): Linear(in_features=1024, out_features=512, bias=True)\n    (cell_projection): Linear(in_features=1024, out_features=512, bias=True)\n  )\n  (decoder): Decoder(\n    (embedding): Embedding(4560, 512, padding_idx=0)\n    (dropout): Dropout(p=0.3, inplace=False)\n    (lstm): LSTM(512, 512, num_layers=2, batch_first=True, dropout=0.3)\n    (encoder_hidden_projection): Linear(in_features=1024, out_features=512, bias=True)\n    (encoder_cell_projection): Linear(in_features=1024, out_features=512, bias=True)\n    (output_projection): Linear(in_features=512, out_features=4560, bias=True)\n  )\n)", "model_path": "/content/drive/My Drive/ML study/Attentions/additive attention/additive-attention-seq2seq-final-model.pt"}