{
  "model_name": "FinalCNN",
  "normalization_input": "none",
  "val_split": 0.1,
  "batch_size": 64,
  "num_epochs": 21,
  "learning_rate": 0.001,
  "train_losses": [
    1.6229986011008308, 1.2353249772515318, 1.0696554511087015,
    0.964303495134862, 0.8849253959064796, 0.8169731893788346,
    0.7646814877675339, 0.725251112006266, 0.6750001182504506,
    0.6391301583498716, 0.6063733241436157, 0.5751336256719448,
    0.5436412177620117, 0.5233811944384467, 0.5007671947744463,
    0.4744934298690747, 0.45674450727793475, 0.4303370092106475,
    0.4225516216134896, 0.4055491200891662, 0.3953504358161643,
    0.3772697256592272
  ],
  "val_losses": [
    1.3140693701143507, 1.119818521828591, 0.9886858172809021,
    0.9119732455362247, 0.8829251284463496, 0.8297720543945892,
    0.8467134022260014, 0.8428277376143238, 0.8458905582658097,
    0.7953869555192657, 0.7980724047822289, 0.7801100988459738,
    0.8027567752177203, 0.8154150232484069, 0.828873986496201,
    0.8616442382335663, 0.8572180444681192, 0.8787900320714033,
    0.8410579892276209, 0.8692776199571693, 0.9248181503218941,
    0.8961627781391144
  ],
  "train_accuracies": [
    39.95916193181818, 55.30672940340909, 62.05388849431818, 65.45854048295455,
    68.5702237215909, 70.94282670454545, 72.79607599431819, 74.3075284090909,
    75.96990411931819, 77.20392400568181, 78.07395241477273, 79.41672585227273,
    80.3622159090909, 80.98588423295455, 81.85369318181819, 82.7880859375,
    83.30300071022727, 84.5126065340909, 84.65465198863636, 85.23393110795455,
    85.693359375, 86.21049360795455
  ],
  "val_accuracies": [
    51.859177215189874, 59.35522151898734, 63.192246835443036,
    66.91060126582279, 68.05775316455696, 70.4113924050633, 69.50158227848101,
    69.44224683544304, 69.91693037974683, 72.38924050632912, 72.17167721518987,
    72.92325949367088, 72.21123417721519, 72.21123417721519, 72.44857594936708,
    72.15189873417721, 72.42879746835443, 72.27056962025317, 72.46835443037975,
    72.05300632911393, 71.79588607594937, 71.7761075949367
  ],
  "weights": "/kaggle/working/final_cnn-adam-0001-10epoch.pth"
}
