{
    "model_name": "LargeCNN",
    "normalization_input": "none",
    "val_split": 0.1,
    "batch_size": 64,
    "num_epochs": 10,
    "learning_rate": 0.001,
    "train_losses": [
        1.7262017176994546,
        1.3729701123454354,
        1.244063751623881,
        1.159323770468208,
        1.0842946881047366,
        1.018219163567251,
        0.9562686811920933,
        0.8993655153211545,
        0.8416936915389008,
        0.7813638860190456
    ],
    "val_losses": [
        1.5043632923802244,
        1.310132243022134,
        1.2346557601343227,
        1.1890576849632626,
        1.1431393868561033,
        1.1596028755737255,
        1.1468932055219818,
        1.1210018241707282,
        1.1532480707274209,
        1.1399838501894022
    ],
    "train_accuracies": [
        37.07608309659091,
        50.67915482954545,
        55.33558238636363,
        58.53160511363637,
        61.32368607954545,
        63.95818536931818,
        66.08442826704545,
        68.04865056818181,
        70.20374644886364,
        72.32555042613636
    ],
    "val_accuracies": [
        44.798259493670884,
        52.076740506329116,
        54.9248417721519,
        56.210443037974684,
        58.346518987341774,
        58.109177215189874,
        59.375,
        60.4628164556962,
        60.58148734177215,
        60.739715189873415
    ],
    "weights": "weights/large_cnn-4l3x3-1l256-adam-0001-10epoch.pth"
}