{
    "model_name": "SmallCNN",
    "normalization_input": "none",
    "val_split": 0.1,
    "batch_size": 64,
    "num_epochs": 10,
    "learning_rate": 0.001,
    "train_losses": [
        1.6777895358814434,
        1.3749441687991335,
        1.2413259984883056,
        1.1645623435562646,
        1.0970878287123262,
        1.044233901172199,
        0.9957287098408084,
        0.9536185497841374,
        0.9110822823713534,
        0.8746006232686341
    ],
    "val_losses": [
        1.4702062665284434,
        1.3671504785365696,
        1.2345870680446867,
        1.1519209174792977,
        1.1325028804661352,
        1.085327011497715,
        1.0773866991453533,
        1.034552092416377,
        1.019223442749132,
        1.0587374620799777
    ],
    "train_accuracies": [
        38.86496803977273,
        50.47940340909091,
        55.69513494318182,
        58.32297585227273,
        61.01518110795455,
        62.96830610795455,
        64.54412286931819,
        66.41068892045455,
        67.919921875,
        69.18501420454545
    ],
    "val_accuracies": [
        45.49050632911393,
        49.42642405063291,
        55.35996835443038,
        57.89161392405063,
        58.93987341772152,
        60.81882911392405,
        61.33306962025316,
        63.39003164556962,
        63.449367088607595,
        62.71756329113924
    ],
    "weights": "weights/small_cnn-2l3x3-1l256-adam-0001-10epoch.pth"
}