{
    "model_name": "StridedCNN",
    "normalization_input": "none",
    "val_split": 0.1,
    "batch_size": 64,
    "num_epochs": 10,
    "learning_rate": 0.001,
    "train_losses": [
        1.6948524847499689,
        1.4258680433585225,
        1.3283585439944132,
        1.2472176158758388,
        1.1718769132963975,
        1.1130285150879486,
        1.0570492556487971,
        1.0100783604959196,
        0.9606501871550625,
        0.9170182974458757
    ],
    "val_losses": [
        1.4795080596887613,
        1.385656700858587,
        1.318178585624393,
        1.2748904720514636,
        1.2534334833108927,
        1.2157894284287585,
        1.187600137312201,
        1.159213291504715,
        1.1282140786134744,
        1.1374276131391525
    ],
    "train_accuracies": [
        38.51429332386363,
        48.89692826704545,
        52.43696732954545,
        55.52645596590909,
        58.46946022727273,
        60.62899502840909,
        62.73748224431818,
        64.25337357954545,
        66.17320667613636,
        67.4161044034091
    ],
    "val_accuracies": [
        45.13449367088607,
        49.24841772151899,
        51.16693037974684,
        53.659018987341774,
        54.410601265822784,
        56.764240506329116,
        57.41693037974684,
        59.03876582278481,
        58.70253164556962,
        60.245253164556964
    ],
    "weights": "weights/strided_cnn-2l3x3-1l256-adam-0001-10epoch.pth"
}