{"train_losses": [4.4320734240410085, 3.3572023135449918, 2.916091790808455, 2.612734952162016, 2.381568517979021, 2.2121576763984914, 2.064141186848611, 1.992784165075697, 1.8943291997069305, 1.802766857168223, 1.7349283259345571, 1.6858882410410743, 1.6578461777271154, 1.5796403753599932, 1.563066726214035, 1.5287674801990325, 1.5010378040406147], "val_losses": [3.3902453184127808, 2.792186737060547, 2.4831765592098236, 2.294736623764038, 2.1718482673168182, 2.061880335211754, 2.018301099538803, 1.982460856437683, 1.9575788378715515, 1.9531042575836182, 1.957475483417511, 1.9620423465967178, 1.972790613770485, 1.977714404463768, 2.0208164900541306, 2.0237227380275726, 2.0613040030002594], "val_bleu_scores": [0.08247169852256775, 0.14152391254901886, 0.18197308480739594, 0.20707063376903534, 0.23149213194847107, 0.2504653334617615, 0.26167845726013184, 0.27682602405548096, 0.27498653531074524, 0.2817125618457794, 0.29095518589019775, 0.28190189599990845, 0.29214563965797424, 0.287866473197937, 0.2880430221557617, 0.28952643275260925, 0.2860163748264313], "teacher_forcing_ratios": [0.87, 0.85, 0.83, 0.81, 0.79, 0.76, 0.73, 0.7, 0.67, 0.63, 0.6, 0.56, 0.52, 0.49, 0.45, 0.41, 0.38], "batch_size": 128, "learning_rate": 0.0005, "epochs": 40, "model": "AttentionSeq2Seq(\n  (encoder): Encoder(\n    (embedding): Embedding(5422, 512, padding_idx=0)\n    (dropout): Dropout(p=0.3, inplace=False)\n    (lstm): LSTM(512, 512, num_layers=2, batch_first=True, dropout=0.3, bidirectional=True)\n    (hidden_projection): Linear(in_features=1024, out_features=512, bias=True)\n    (cell_projection): Linear(in_features=1024, out_features=512, bias=True)\n  )\n  (decoder): LuongAttentionDecoder(\n    (embedding): Embedding(4560, 512, padding_idx=0)\n    (dropout): Dropout(p=0.3, inplace=False)\n    (attention): DotProductAttention()\n    (lstm): LSTM(512, 1024, num_layers=2, batch_first=True, dropout=0.3)\n    (attention_projection): Linear(in_features=2048, out_features=1024, bias=True)\n    (output_projection): Linear(in_features=1024, out_features=4560, bias=True)\n  )\n)", "model_path": "/content/drive/My Drive/ML/Attentions/luong attention/weights/luong-dot-attention-model.pt", "max_grad_norm": 1.0}